{
  "version": "1.0",
  "mnemory": {
    "color": {
      "primary": {
        "value": "#5C47C3"
      },
      "secondary": {
        "value": "#3DC2C0"
      },
      "bg": {
        "value": "#FFFFFF"
      },
      "fg": {
        "value": "#0D1B2A"
      },
      "muted": {
        "value": "#8AA0B2"
      },
      "card": {
        "value": "#F4F7FA"
      }
    },
    "radius": {
      "xs": {
        "value": "6"
      },
      "md": {
        "value": "12"
      },
      "xl": {
        "value": "20"
      }
    },
    "spacing": {
      "xs": {
        "value": "4"
      },
      "sm": {
        "value": "8"
      },
      "md": {
        "value": "16"
      },
      "lg": {
        "value": "24"
      },
      "xl": {
        "value": "32"
      }
    },
    "font": {
      "family": {
        "value": "Inter, Pretendard, Noto Sans KR"
      },
      "size": {
        "xs": {
          "value": "12"
        },
        "sm": {
          "value": "14"
        },
        "md": {
          "value": "16"
        },
        "lg": {
          "value": "20"
        },
        "xl": {
          "value": "28"
        },
        "xxl": {
          "value": "34"
        }
      }
    }
  }
}